<configuration>
    <appender name="CONSOLE" class="ch.qos.logback.core.ConsoleAppender">
        <encoder>
            <pattern>%date{yyyy-MM-dd HH:mm:ss.SSS} [%thread] %highlight(%-5level) %cyan(%logger{15}) - %msg%n</pattern>
        </encoder>
    </appender>
    <appender name="FILE" class="ch.qos.logback.core.FileAppender">
        <file>logs/logger.log</file>
        <encoder>
            <pattern>%date{yyyy-MM-dd HH:mm:ss.SSS} [%thread] %-5level %logger{36} - %msg%n</pattern>
        </encoder>
    </appender>
    <logger name="fileLoggerInfo" level="INFO" additivity="false">
        <appender-ref ref="FILE"/>
    </logger>
    <logger name="fileLoggerError" level="ERROR" additivity="false">
        <appender-ref ref="FILE"/>
    </logger>
    <root level="INFO">
        <appender-ref ref="CONSOLE"/>
    </root>
</configuration>